"semaine";"AMIENS";"ANGERS LA BAUMETTE";"ANGLET (PONT DE L'AVEUGLE No2)";"AQUAVARA";"AUXERRE - APPOIGNY";"BASTIA-SUD";"BESANCON - PORT-DOUVOT";"BONNEUIL-EN-FRANCE";"BORDEAUX (LOUIS FARGUE 2)";"CANNES";"CAP SICIE - AMPHITRIA";"CARCASSONNE NOUVELLE";"CARRE DE REUNION";"CHALON SUR SAONE-PORT BAROIS";"CLERMONT-FERRAND";"CRAN-GEVRIER - SILOE";"DIJON";"EVRY CENTRE-CAECE";"GRANDE-SYNTHE";"GRENOBLE / AQUAPOLE";"LA BAULE-ESCOUBLAC-GUERANDE LIVERY";"LA ROCHELLE";"LAGNY-SUR-MARNE ST THIBAULT-DES-VIGNES";"LE HAVRE";"LENS LOISON SOUS LENS";"LESCAR";"LILLE-MARQUETTE-LEZ-LILLE";"LIMOGES";"LMM_LE MANS - LA CHAUVINIERE";"LYON - SAINT FONS";"MAERA (EX CEREIREDE)";"MARSEILLE";"MAXEVILLE";"METZ";"MONDEVILLE";"NANTES 1-TOUGAS";"NICE-HALIOTIS";"NIMES";"ORLEANS LA CHAPELLE-SAINT-MESMIN";"PARIS MARNE AVAL";"PARIS SEINE-AMONT";"PARIS SEINE-CENTRE";"POITIERS LA FOLIE";"REIMS";"RENNES";"ROUBAIX-WATTRELOS";"ROUEN";"SAINT-BRIEUC LE LEGUE";"SAINT-ETIENNE - FURANIA";"SAUSHEIM";"STEU DE: BREST (ZONE-PORTUAIRE)";"STRASBOURG - LA WANTZENAU";"TOULOUSE GINESTOUS";"TOURS, LA RICHE LA GRANGE DAVID";"VALENCIENNES";"National"
"2022-S30";NA;NA;NA;NA;NA;NA;NA;NA;NA;NA;NA;NA;NA;NA;NA;NA;NA;NA;NA;10584,915256851;NA;NA;NA;NA;NA;10160,7561354051;NA;NA;NA;NA;NA;10887,4267141013;8488,11167804407;NA;NA;10511,1818296643;NA;NA;6253,6493685107;NA;NA;NA;NA;NA;8721,97244450383;NA;6962,58351298283;NA;NA;NA;NA;NA;NA;NA;NA;9651,10040274441
"2022-S31";NA;NA;NA;NA;NA;NA;NA;NA;NA;NA;NA;NA;NA;NA;NA;NA;NA;NA;NA;6214,70627109464;NA;NA;NA;NA;NA;5898,59845328707;NA;NA;NA;NA;NA;6410,58685873029;8709,03947634749;NA;NA;5633,75287596174;NA;NA;5604,42100580943;NA;NA;5052,16497993518;NA;NA;5398,4777973688;5201,7250938438;5175,51424056981;NA;NA;NA;NA;NA;NA;NA;NA;5893,36061908865
"2022-S32";NA;NA;NA;NA;NA;NA;NA;NA;NA;NA;NA;NA;NA;NA;NA;NA;NA;NA;NA;4111,85351209369;NA;NA;NA;NA;NA;3726,60759001209;NA;NA;NA;NA;NA;4215,080128755;8134,19416141204;NA;NA;3548,57524954898;NA;NA;5067,88583062167;NA;NA;NA;NA;NA;3706,78115724492;3619,15150579058;4015,35736316512;NA;NA;NA;NA;NA;NA;NA;NA;4310,30160321032
"2022-S33";NA;NA;NA;NA;NA;NA;NA;NA;NA;NA;NA;NA;NA;NA;NA;NA;NA;NA;NA;3097,84683918867;NA;NA;NA;NA;NA;2617,52062854464;NA;NA;NA;NA;NA;3096,09502638354;6045,28350798265;NA;NA;2610,60055368244;NA;NA;4720,23211365358;NA;NA;3945,54972154106;NA;NA;2838,3043636682;NA;3320,81998864881;NA;NA;NA;NA;NA;NA;NA;NA;3461,06702372819
"2022-S34";NA;NA;NA;NA;NA;NA;NA;NA;NA;NA;NA;NA;NA;NA;NA;NA;NA;NA;NA;2603,575784756;NA;NA;NA;NA;NA;1972,25229938399;NA;NA;NA;NA;NA;2552,13399100172;4467,09460012835;NA;NA;2232,54756029077;NA;NA;4492,56145041553;NA;NA;3785,91396267043;NA;NA;2425,05294311504;2523,50186603435;2854,77162049603;NA;NA;NA;NA;NA;NA;NA;NA;2933,85792817294
"2022-S35";NA;NA;NA;NA;NA;NA;NA;NA;NA;NA;NA;NA;NA;NA;NA;NA;NA;NA;NA;2507,72922619043;NA;NA;NA;NA;NA;1665,31678183829;NA;NA;NA;NA;NA;2353,62559676466;3981,39688284466;NA;NA;2222,03922354821;NA;NA;4430,40245929205;NA;NA;3822,4914771773;NA;NA;2316,74879941092;2463,49913604461;2639,87185963075;NA;NA;NA;NA;NA;1466,15511237178;NA;NA;2623,34276159346
"2022-S36";NA;NA;NA;NA;NA;NA;NA;NA;NA;NA;NA;NA;NA;NA;NA;NA;NA;NA;NA;3117,43575793572;NA;NA;NA;NA;NA;1799,57670901108;NA;NA;NA;NA;NA;2461,87595888476;3957,72151231493;NA;NA;2917,01324645196;NA;NA;4533,346080828;NA;NA;4193,94545279513;NA;NA;2582,05327694293;2627,4218905374;2855,47258904083;NA;NA;NA;NA;NA;2575,86954116363;NA;NA;3022,23612843602
"2022-S37";NA;NA;NA;NA;NA;NA;NA;NA;NA;NA;NA;NA;NA;NA;NA;NA;NA;NA;NA;4335,66138415551;NA;NA;NA;NA;NA;2202,34959951224;NA;NA;NA;NA;NA;2838,11695201795;5231,22854710583;NA;NA;4135,4372849997;NA;NA;4983,06894458284;NA;NA;NA;NA;NA;3157,47507453746;3388,46256019214;3367,74130865855;NA;NA;NA;NA;NA;4108,61094574853;NA;NA;3688,91749893235
"2022-S38";NA;NA;NA;NA;NA;NA;NA;NA;NA;NA;NA;NA;NA;NA;NA;NA;NA;NA;NA;6731,77612809113;NA;NA;NA;NA;NA;2943,78052327245;NA;NA;NA;NA;NA;3768,89925700815;7256,74817876002;NA;NA;5523,23304580445;NA;NA;7063,27873575668;NA;NA;5956,18305135736;NA;NA;4445,04227884116;4579,47558040772;4502,85374335012;NA;NA;NA;NA;NA;5936,18135008493;NA;NA;5263,97792462669
"2022-S39";NA;NA;NA;NA;NA;NA;NA;NA;NA;NA;NA;NA;NA;NA;NA;NA;NA;NA;NA;10468,0050517939;NA;NA;NA;NA;NA;4136,93696215587;NA;NA;NA;NA;NA;5209,49694277706;9479,97283615999;NA;NA;7113,47123998368;NA;NA;10204,7337935355;NA;NA;8115,11927466543;NA;NA;6299,35318485852;5417,6760234353;6230,37127363373;NA;NA;NA;NA;NA;7718,74994149163;NA;NA;7178,39804527755
"2022-S40";NA;NA;NA;NA;NA;NA;NA;NA;NA;NA;NA;NA;NA;NA;NA;NA;13312,7758987081;NA;NA;14175,7474613903;NA;NA;NA;NA;NA;5672,96543340511;NA;NA;NA;NA;NA;7003,76723796306;11602,1168017002;NA;NA;7534,93770415906;NA;NA;12572,1954728193;NA;NA;9732,82352870942;NA;NA;7937,80463710561;5527,93013740971;8277,24738715874;NA;NA;NA;NA;NA;9077,45225927544;NA;NA;9032,66127597311
"2022-S41";NA;NA;NA;NA;NA;NA;NA;NA;NA;NA;NA;NA;NA;NA;NA;NA;12077,5819440715;NA;NA;17118,4231398971;NA;NA;NA;NA;NA;7694,3939033514;NA;NA;NA;NA;NA;9275,67137929288;10756,9827577962;NA;NA;7659,44223179843;NA;NA;14071,6171887646;NA;NA;10840,5110097502;NA;NA;9344,66325035354;5258,0278519682;10311,6798269748;NA;NA;NA;NA;NA;9200,23366865851;NA;NA;10134,4578260339
"2022-S42";NA;NA;NA;NA;NA;NA;NA;NA;NA;NA;NA;NA;NA;NA;NA;NA;11055,8865310978;NA;NA;15468,7913056344;NA;NA;NA;NA;NA;10435,5661222121;NA;NA;NA;NA;NA;11038,0846389298;9380,39682469063;NA;NA;7873,98202515442;NA;NA;12111,2127086916;NA;NA;9835,673689321;NA;NA;8660,94697860712;4689,02538481043;10482,2020469797;NA;NA;NA;NA;NA;8452,44967637494;NA;NA;9946,36164254768
"2022-S43";NA;NA;NA;NA;NA;NA;NA;NA;NA;NA;NA;NA;NA;NA;NA;NA;10391,9432512801;NA;NA;12781,5819269825;NA;NA;NA;NA;NA;13378,5048253201;NA;NA;NA;NA;NA;12518,2023585046;8071,83819086378;NA;NA;8146,11334385179;NA;NA;10047,7584655492;NA;NA;8564,13217495629;NA;NA;7658,51452799208;4254,28879446312;10052,8417501764;NA;NA;NA;NA;NA;7747,36114879172;NA;NA;9558,58902508603
"2022-S44";NA;NA;NA;NA;NA;NA;NA;NA;NA;NA;NA;NA;NA;NA;NA;NA;9898,01146855964;NA;NA;9258,53729252587;NA;NA;NA;NA;NA;14806,5470503331;NA;NA;NA;NA;NA;13481,8384984175;7141,48246922883;NA;NA;9040,32488703052;NA;NA;8243,1687663174;NA;NA;7523,63785638453;NA;NA;7066,30903918061;4026,38935689368;9027,25781677566;NA;NA;NA;NA;NA;8097,22918767393;NA;NA;9217,01113642873
"2022-S45";NA;NA;NA;NA;NA;NA;NA;NA;NA;NA;NA;NA;NA;NA;NA;NA;9744,34896408706;NA;NA;8294,51076269041;NA;NA;NA;NA;NA;14824,175033961;NA;NA;NA;NA;NA;14947,1063574269;7502,83516232876;NA;NA;10544,7544560729;NA;NA;8628,08731003441;NA;NA;6828,76761520876;NA;NA;7429,71369929376;4578,21835553016;8349,87291112247;NA;NA;NA;NA;NA;9119,30722814002;NA;NA;9652,34491470418
"2022-S46";NA;NA;NA;NA;NA;NA;NA;NA;NA;NA;NA;NA;NA;NA;NA;NA;10181,4432891296;NA;NA;8072,91599940483;NA;NA;NA;NA;NA;14011,4867346957;NA;NA;NA;NA;NA;16304,1374697153;8390,42775702902;NA;NA;12480,6522523115;NA;NA;9731,34077067366;NA;NA;7816,95052251972;NA;NA;8236,87177909476;5526,03150740383;7997,33676134137;NA;NA;NA;NA;NA;13039,2406128406;NA;NA;10914,7629763849
"2022-S47";NA;NA;NA;NA;NA;NA;NA;NA;NA;NA;NA;NA;NA;NA;NA;NA;12308,5748288931;NA;NA;10830,9385030754;NA;NA;NA;NA;NA;12927,5344780122;NA;NA;NA;NA;NA;17821,4829551687;10585,4812564311;NA;NA;15540,0927973022;NA;NA;13128,5964063862;NA;NA;9570,30609033283;NA;NA;9896,44372227565;7868,90917980636;9792,53723475243;NA;NA;NA;NA;NA;18953,9856253741;NA;NA;13449,2570789517
"2022-S48";NA;NA;NA;NA;NA;NA;NA;NA;NA;NA;NA;NA;NA;NA;NA;NA;14873,3768178874;NA;NA;14608,0362265215;NA;NA;NA;NA;NA;11582,9749759967;NA;NA;NA;NA;NA;18550,5793526077;13513,8346393373;NA;NA;18371,3016507911;NA;NA;17583,798665066;NA;NA;11430,7922553606;NA;NA;12341,1348423172;10887,7716664904;12148,643289215;NA;NA;NA;NA;NA;26874,8186438561;NA;NA;16388,9904940239
"2022-S49";NA;NA;NA;NA;NA;NA;NA;NA;NA;NA;NA;NA;NA;NA;NA;NA;16698,3307691078;NA;NA;16933,5185801976;NA;NA;NA;NA;NA;11088,3007307023;NA;NA;NA;NA;NA;18363,5587965219;16654,4930059459;NA;NA;18686,9671114915;NA;NA;19775,0770096347;NA;NA;11372,9996858317;NA;NA;17311,8022687771;12877,3987616166;13856,4407858419;NA;NA;NA;NA;NA;30023,6452351365;NA;NA;17819,0891247698
"2022-S50";NA;NA;NA;NA;NA;NA;NA;NA;NA;NA;NA;NA;NA;NA;NA;NA;16266,5508022968;NA;NA;16499,4856557514;NA;NA;NA;NA;NA;10278,3159744545;NA;NA;NA;NA;NA;16431,9941947077;18595,6203930094;NA;NA;16900,8114253298;NA;NA;19313,84055284;NA;NA;9912,9924722506;NA;NA;22117,9380517153;10624,0438350537;14009,7433071574;NA;NA;NA;NA;NA;28039,7317392637;NA;NA;16903,3605275236
"2022-S51";NA;NA;NA;NA;NA;NA;NA;NA;NA;NA;NA;NA;NA;NA;NA;NA;14375,027799487;NA;NA;9651,86916896175;NA;NA;NA;NA;NA;8920,45519882567;NA;NA;NA;NA;NA;10986,2063875634;18448,6015432033;NA;NA;12194,0017531516;NA;NA;14118,2446166599;NA;NA;5989,51802973393;NA;NA;22109,1581436176;7472,47185836405;10693,8717220666;NA;NA;NA;NA;NA;17567,4808610531;NA;NA;12073,2849447462
"2022-S52";NA;NA;NA;NA;NA;NA;NA;NA;NA;NA;NA;NA;NA;NA;NA;NA;10799,6433415085;NA;NA;4380,28770578527;NA;NA;NA;NA;NA;6084,28626873444;NA;NA;NA;NA;NA;6731,81148033299;13700,2484054043;NA;NA;7514,63492612225;NA;NA;8492,34394674957;NA;NA;3508,45982838183;NA;NA;14541,8979848525;3942,13897151854;6415,49595828547;NA;NA;NA;NA;NA;9753,59931388133;NA;NA;7324,89916874112
"2023-S01";NA;NA;NA;NA;NA;NA;NA;NA;NA;NA;NA;NA;NA;NA;NA;NA;7035,2190561278;NA;NA;2003,35170561876;NA;NA;NA;NA;NA;3974,66765392695;NA;NA;NA;NA;NA;4192,85339566762;9013,28508437075;NA;NA;4499,77141595557;NA;NA;4912,26394372087;NA;NA;2258,41736226831;NA;NA;NA;2072,2082045404;NA;NA;NA;NA;NA;NA;5144,33356827254;NA;NA;4116,46000931177
"2023-S02";NA;NA;NA;NA;NA;NA;NA;NA;NA;NA;NA;NA;NA;NA;NA;NA;4448,82212706761;NA;NA;1384,0866421316;NA;NA;NA;NA;NA;2568,19968464587;NA;NA;NA;NA;NA;3197,82187445001;5031,43888806886;NA;NA;3079,18605807289;NA;NA;3068,2952372571;NA;NA;1991,87689018096;NA;NA;4052,45343302524;1394,00677984988;1918,82965736855;NA;NA;NA;NA;NA;2830,66209034231;NA;NA;2770,51918848444
"2023-S03";NA;NA;NA;NA;NA;NA;NA;NA;NA;NA;NA;NA;NA;NA;NA;NA;2900,11913788354;NA;NA;1094,89670263332;NA;NA;NA;NA;NA;1761,28969169273;NA;NA;NA;NA;NA;2724,58402509462;2787,70925327334;NA;NA;2276,6912701925;NA;NA;2098,765317667;NA;NA;1951,78385255171;NA;NA;2467,9595754712;1136,6703149412;1581,27706168635;NA;NA;NA;NA;NA;1996,45477319602;NA;NA;2097,61196161727
"2023-S04";NA;NA;NA;NA;NA;NA;NA;NA;NA;NA;NA;NA;NA;NA;NA;NA;2005,05240776699;NA;NA;1138,8832414921;NA;NA;NA;NA;NA;1576,79165283139;NA;NA;NA;NA;NA;3061,05295736515;1783,69147663161;NA;NA;2001,60264965249;NA;NA;2007,88516053893;NA;NA;2254,89091847187;NA;NA;1671,95532116217;1051,71837160666;1532,3694769831;NA;NA;NA;NA;NA;1710,78499432285;NA;NA;2000,40673738764
"2023-S05";NA;NA;NA;NA;NA;NA;NA;NA;NA;NA;NA;NA;NA;NA;NA;NA;1618,54788575435;NA;NA;1312,15187451771;NA;NA;NA;NA;NA;1559,95488615581;NA;NA;NA;NA;NA;3686,43565831536;1292,36963207403;NA;NA;1917,55116518973;NA;NA;2166,75538699001;NA;NA;2824,510639528;NA;NA;1597,91075133689;1090,73272927768;1972,77100724535;NA;NA;NA;NA;NA;1664,52729011221;NA;NA;2199,79739828932
"2023-S06";NA;NA;NA;NA;NA;NA;NA;NA;NA;NA;NA;NA;NA;NA;NA;NA;1466,8411846432;NA;NA;1430,02347736984;NA;NA;NA;NA;NA;1849,36488954517;NA;NA;NA;NA;NA;4179,27355852714;1271,82262174941;NA;NA;1927,08700530956;NA;NA;2487,13412354457;NA;NA;3259,44004181286;NA;NA;1730,19770346562;1247,33520614915;2729,62601589616;NA;NA;NA;NA;NA;1809,703565146;NA;NA;2471,16909596567
"2023-S07";NA;NA;NA;NA;NA;NA;NA;NA;NA;NA;NA;NA;NA;NA;NA;NA;1683,55767024042;NA;NA;1491,06024642529;NA;NA;NA;NA;NA;1956,02569821987;NA;NA;NA;NA;NA;4371,38409988319;1437,0092047373;NA;NA;2109,5414123397;NA;NA;2861,93174156752;NA;NA;3755,12761725806;NA;NA;1844,95724229137;1491,5083005221;3268,68321248355;NA;NA;NA;NA;NA;2084,30464524136;NA;NA;2731,11829588802
"2023-S08";NA;NA;NA;NA;NA;NA;NA;NA;NA;NA;NA;NA;NA;NA;NA;NA;2094,77782732352;NA;NA;1568,25122187574;NA;NA;NA;NA;NA;2098,12387768146;NA;NA;NA;NA;NA;4549,79124670126;1842,91030750379;NA;NA;2426,53843058904;NA;NA;3400,16082955303;NA;NA;4176,39551670232;NA;NA;2098,5822045988;1959,58039646469;3863,19420472185;NA;NA;NA;NA;NA;2375,20185482512;NA;NA;3049,09405578874
"2023-S09";NA;NA;NA;NA;NA;NA;NA;NA;NA;NA;NA;NA;NA;NA;NA;NA;2703,48270966651;NA;NA;1812,95918964085;NA;NA;NA;NA;NA;2297,05479371574;NA;NA;NA;NA;NA;4823,58563473774;2499,6427542583;NA;NA;2898,79987773772;NA;NA;4135,92252962323;NA;NA;5427,44207703945;NA;NA;2470,85658890008;2746,68794356398;4481,48414352378;NA;NA;NA;NA;NA;2752,83550244235;NA;NA;3601,30942223482
"2023-S10";NA;NA;NA;NA;NA;NA;NA;NA;NA;NA;NA;NA;NA;NA;NA;NA;3360,25439979981;NA;NA;2175,90341659074;NA;NA;NA;NA;NA;2502,49896191142;NA;NA;NA;NA;NA;NA;3289,04652413746;NA;NA;3508,72938151731;NA;NA;5031,10353965618;NA;NA;7114,0568900391;NA;NA;3044,63320379341;4721,20094162444;4941,14455487538;NA;NA;NA;NA;NA;3191,42577416246;NA;NA;4153,38035176717
"2023-S11";NA;NA;NA;NA;NA;NA;NA;NA;NA;NA;NA;NA;NA;NA;NA;NA;4151,97723953499;NA;NA;2637,11732170613;NA;NA;NA;NA;NA;2725,99485848229;NA;NA;NA;NA;NA;5392,96637802183;4204,93604303203;NA;NA;4201,91978880874;NA;NA;6146,46687595405;NA;NA;8364,37457277952;NA;NA;3793,8272685023;7547,0917259113;5389,60178955434;NA;NA;NA;NA;NA;3513,92322352903;NA;NA;5127,25312676164
"2023-S12";NA;NA;NA;NA;NA;NA;NA;NA;NA;NA;NA;NA;NA;NA;NA;NA;4973,58964432111;NA;NA;3209,04562388883;NA;NA;NA;NA;NA;2997,45382584561;NA;NA;NA;NA;NA;5850,49202360448;4839,46493803045;NA;NA;4956,79488471267;NA;NA;7371,39936540723;NA;NA;9070,65385449861;NA;NA;4787,19239213092;8110,29751007196;6393,65082626926;NA;NA;NA;NA;NA;3979,81052091276;NA;NA;5779,88597968295
"2023-S13";NA;NA;NA;NA;NA;NA;NA;NA;NA;NA;NA;NA;NA;NA;NA;NA;5573,32161120759;NA;NA;3886,16810345881;NA;NA;NA;NA;NA;3405,84222351313;NA;NA;NA;NA;NA;6195,29426799789;5351,21229129331;NA;NA;5904,08887460622;NA;NA;8581,9171501923;NA;NA;8617,60488723343;NA;NA;5792,58858430015;7587,12479645789;7499,79411063804;NA;NA;NA;NA;NA;5330,72745222518;NA;NA;6310,6262023619
"2023-S14";NA;NA;NA;NA;NA;NA;NA;NA;NA;NA;NA;NA;NA;NA;NA;NA;5583,77027673982;NA;NA;4863,8270961282;NA;NA;NA;NA;NA;3602,04776068254;NA;NA;NA;NA;NA;5996,8520797027;5655,38434438657;NA;NA;5953,53712662228;NA;NA;9156,11644303025;NA;NA;7675,64362606918;NA;NA;6079,33076825196;6602,18314561743;8338,39734806879;NA;NA;NA;NA;NA;7480,34325581778;NA;NA;6557,29220255992
"2023-S15";NA;NA;NA;NA;NA;NA;NA;NA;NA;NA;NA;NA;NA;NA;NA;NA;5286,40457906621;NA;NA;5782,39698773581;NA;NA;NA;NA;NA;3654,05567418778;NA;NA;NA;NA;NA;5529,28331952879;5745,58745994356;NA;NA;5587,71317333215;NA;NA;8901,99726685613;NA;NA;6419,79519390736;NA;NA;5752,6337352325;5710,89457256765;8200,14792700932;NA;NA;NA;NA;NA;12279,5546449914;NA;NA;6861,5767449256
"2023-S16";NA;NA;NA;NA;NA;NA;NA;NA;NA;NA;NA;NA;NA;NA;NA;NA;4800,89165533787;NA;NA;5863,71909484923;NA;NA;NA;NA;NA;3623,75425440303;NA;NA;NA;NA;NA;5033,33725878285;5832,0305694383;NA;NA;4691,80436130717;NA;NA;7117,86427221034;NA;NA;4832,81440572459;NA;NA;5178,72938413026;4659,23091424849;7558,83047181439;NA;NA;NA;NA;NA;17792,7431866501;NA;NA;6957,98872093589
"2023-S17";NA;NA;NA;NA;NA;NA;NA;NA;NA;NA;NA;NA;NA;NA;NA;NA;4125,24414297939;NA;NA;5352,14964936851;NA;NA;NA;NA;NA;3499,11482677144;NA;NA;NA;NA;NA;4725,7939886561;5666,53709241102;NA;NA;3855,86415669751;NA;NA;5331,34243023285;NA;NA;3643,78264893677;NA;NA;4473,41674877579;3814,51273846166;6410,39573421885;NA;NA;NA;NA;NA;16857,4593042942;NA;NA;6201,50764629576
"2023-S18";NA;NA;NA;NA;NA;NA;NA;NA;NA;NA;NA;NA;NA;NA;NA;NA;3178,98545589966;NA;NA;3989,35238900174;NA;NA;NA;NA;NA;3181,13117870289;NA;NA;NA;NA;NA;4395,52291995995;5146,78974350703;NA;NA;3294,51933838152;NA;NA;3890,84654970331;NA;NA;3254,76750959952;NA;NA;3798,87715436841;3000,25996585786;5220,67997203414;NA;NA;NA;NA;NA;11195,0172008176;NA;NA;4858,49710058816
"2023-S19";NA;NA;NA;NA;NA;NA;NA;NA;NA;NA;NA;NA;NA;NA;NA;NA;2417,81640804759;NA;NA;2770,60411842808;NA;NA;NA;NA;NA;2772,84967659351;NA;NA;NA;NA;NA;4117,66591295714;4396,5854658426;NA;NA;2864,79607622024;NA;NA;2798,88277077548;NA;NA;3006,439352455;NA;NA;3397,85921818888;2355,38066804785;4294,08637414145;NA;NA;NA;NA;NA;6741,12700981831;NA;NA;3781,71330001675
"2023-S20";NA;NA;NA;NA;NA;NA;NA;NA;NA;NA;NA;NA;NA;NA;NA;NA;1979,51123002669;NA;NA;1880,13131967858;NA;NA;NA;NA;NA;2460,58785804023;NA;NA;NA;NA;NA;3775,04495394327;NA;NA;NA;2936,62541906617;NA;NA;2222,55351463186;NA;NA;2807,86627981889;NA;NA;3070,7662505037;1864,73973710749;3474,0366529298;NA;NA;NA;NA;NA;4286,33576955837;NA;NA;3066,82707653147
"2023-S21";NA;NA;NA;NA;NA;NA;NA;NA;NA;NA;NA;NA;NA;NA;NA;NA;1731,31389343385;NA;NA;1404,57717765812;NA;NA;NA;NA;NA;2019,09787391292;NA;NA;NA;NA;NA;3208,91540461034;2359,62433290002;NA;NA;2772,95589277957;NA;NA;1634,78179667784;NA;NA;2612,1418123594;NA;NA;2925,06813663113;1441,48484358656;2918,45393937508;NA;NA;NA;NA;NA;2822,44680471234;NA;NA;2519,31323737175
"2023-S22";NA;NA;NA;NA;NA;NA;NA;NA;NA;NA;NA;NA;NA;NA;NA;NA;1513,42928075099;NA;NA;1068,68735278221;NA;NA;NA;NA;NA;1553,55932372138;NA;NA;NA;NA;NA;2584,82356639117;1712,21121828843;NA;NA;2565,11124869518;NA;NA;1234,90447150922;NA;NA;2279,50306255563;NA;NA;2606,37770247395;1145,32345966439;2159,56005210024;NA;NA;NA;NA;NA;2569,17500919699;NA;NA;2107,0507172027
"2023-S23";NA;NA;NA;NA;NA;NA;NA;NA;NA;NA;NA;NA;NA;NA;NA;NA;1293,89430801401;NA;NA;824,248993068633;NA;NA;NA;NA;NA;934,972160400383;NA;NA;NA;NA;NA;2114,44256279726;1297,69440439234;NA;NA;2102,38486129668;NA;NA;923,828982136995;NA;NA;1905,7151435361;NA;NA;2258,29018074394;808,049210437775;1570,28268977118;NA;NA;NA;NA;NA;2560,55098297475;NA;NA;1755,33401118996
"2023-S24";NA;NA;NA;NA;NA;NA;NA;NA;NA;NA;NA;NA;NA;NA;NA;NA;1020,49166781855;NA;NA;675,443011961988;NA;NA;NA;NA;NA;578,497904122252;NA;NA;NA;NA;NA;1939,01996858746;991,79064546548;NA;NA;1713,33004546281;NA;NA;757,017751544625;NA;NA;1626,8678365681;NA;NA;1768,96981705456;596,40139103695;1075,46904862812;NA;NA;NA;NA;NA;2440,51041873468;NA;NA;1500,52435621072
"2023-S25";NA;NA;NA;NA;NA;NA;NA;NA;NA;NA;NA;NA;NA;NA;NA;NA;831,938600994764;NA;NA;636,698505817589;NA;NA;NA;NA;NA;432,2843274031;NA;NA;NA;NA;NA;1859,31641549591;778,280539549249;NA;NA;1506,12291418055;NA;NA;868,330228333875;NA;NA;1562,08332315515;NA;NA;1417,70895208974;488,510067694009;781,902211342573;NA;NA;NA;NA;NA;2239,43236257498;NA;NA;1362,89347980645
"2023-S26";NA;NA;NA;NA;NA;NA;NA;NA;NA;NA;NA;NA;NA;NA;NA;NA;714,429218244975;NA;NA;585,910440793789;NA;NA;NA;NA;NA;378,470177519753;NA;NA;NA;NA;NA;1897,20197216791;629,897414229232;NA;NA;1390,10172425822;NA;NA;1069,13853127913;NA;NA;1606,44850669523;NA;NA;1263,25741001319;430,05885401082;715,818619751171;NA;NA;NA;NA;NA;2101,7110387125;NA;NA;1321,09657282063
"2023-S27";NA;NA;NA;NA;NA;NA;NA;NA;NA;NA;NA;NA;NA;NA;NA;NA;712,175010356437;NA;NA;418,912335152531;NA;NA;NA;NA;NA;491,948792043559;NA;NA;NA;NA;NA;2018,41599203411;493,563150819762;NA;NA;1412,66414885675;NA;NA;1406,88823179414;NA;NA;1879,58572234501;NA;NA;1207,76802707926;476,66996565099;717,424446820165;NA;NA;NA;NA;NA;2187,07090692848;NA;NA;1392,273698961
"2023-S28";NA;NA;NA;NA;NA;NA;NA;NA;NA;NA;NA;NA;NA;NA;NA;NA;775,38762686318;NA;NA;NA;NA;NA;NA;NA;NA;764,886166510643;NA;NA;NA;NA;NA;2111,18033531838;414,65594887627;NA;NA;1481,81356309662;NA;NA;1444,86403212927;NA;NA;2270,22865881571;NA;NA;1328,97175711119;575,410273032006;822,592019457846;NA;NA;NA;NA;NA;2362,91127961813;NA;NA;1625,63575760839
"2023-S29";NA;NA;NA;NA;NA;NA;NA;NA;NA;NA;NA;NA;NA;NA;NA;NA;1012,9243658639;NA;NA;318,197969356584;NA;NA;NA;NA;NA;1282,17130336676;NA;NA;NA;NA;NA;2311,75337963229;400,182377020969;NA;NA;1639,27494738974;NA;NA;1431,77450987226;NA;NA;2572,3722353304;NA;NA;1579,38185579476;722,385044908255;945,116459575849;NA;NA;NA;NA;NA;2522,09967148616;NA;NA;1684,52072440795
"2023-S30";NA;NA;NA;NA;NA;NA;NA;NA;NA;NA;NA;NA;NA;NA;NA;NA;1361,42172932609;NA;NA;342,366916998575;NA;NA;NA;NA;NA;1944,48276674262;NA;NA;NA;NA;NA;2682,76105661737;460,816041948983;NA;NA;1999,7882094995;NA;NA;1282,80149114865;NA;NA;2984,01195915466;NA;NA;1994,50622867525;712,700118559804;1123,6189592192;NA;NA;NA;NA;NA;2782,96505585983;NA;NA;1947,3301265215
"2023-S31";NA;NA;NA;NA;NA;NA;NA;NA;NA;NA;NA;NA;NA;NA;NA;NA;1512,62379078213;NA;NA;514,961783298789;NA;NA;NA;NA;NA;2800,44471118206;NA;NA;NA;NA;NA;3707,84522562122;589,786467372189;NA;NA;2491,27221191696;NA;NA;1205,42789904265;NA;NA;3476,92173734484;NA;NA;2602,75321535888;721,026514069761;1319,55957682316;NA;NA;NA;NA;NA;3264,69859452383;NA;NA;2423,89707452365
"2023-S32";NA;NA;NA;NA;NA;NA;NA;NA;NA;NA;NA;NA;NA;NA;NA;NA;1688,36833704705;NA;NA;868,260664243637;NA;NA;NA;NA;NA;3479,13612197227;NA;NA;NA;NA;NA;5266,95866692417;867,655879471097;NA;NA;2960,63929619214;NA;NA;1573,01428511363;NA;NA;4130,74526722827;NA;NA;3438,45082581264;902,01870893866;1580,0305512729;NA;NA;NA;NA;NA;4161,87544001408;NA;NA;3150,46551738966
"2023-S33";NA;NA;NA;NA;NA;NA;NA;NA;NA;NA;NA;NA;NA;NA;NA;NA;2089,27427522386;NA;NA;1405,37543970745;NA;NA;NA;NA;NA;3990,92480005575;NA;NA;NA;NA;NA;7246,57648809977;1344,50626873716;NA;NA;3515,40271209566;NA;NA;2233,59397937988;NA;NA;4784,83712213704;NA;NA;4582,7572044969;1356,79825368497;1993,75368368326;NA;NA;NA;NA;NA;5317,54010700325;NA;NA;4093,96615116681
"2023-S34";NA;NA;NA;NA;NA;NA;NA;NA;NA;NA;NA;NA;NA;NA;NA;NA;2714,50452193083;NA;NA;2180,6852432204;NA;NA;NA;NA;NA;4101,7654313641;NA;NA;NA;NA;NA;9453,61566583527;2026,32656812385;NA;NA;4223,95801545832;NA;NA;3373,623212099;NA;NA;5414,08432906063;NA;NA;5945,98912664408;2117,88003086883;2600,96538534119;NA;NA;NA;NA;NA;6603,98711547682;NA;NA;5207,97023844543
"2023-S35";NA;NA;NA;NA;NA;NA;NA;NA;NA;NA;NA;NA;NA;NA;NA;NA;3549,24169396859;NA;NA;2721,53122391959;NA;NA;NA;NA;NA;4000,58388691816;NA;NA;NA;NA;NA;10629,8664156866;2951,22789140156;NA;NA;4866,11068086192;NA;NA;4803,44159644724;NA;NA;5740,37076417389;NA;NA;7085,61813925013;3146,63105974368;3513,23318329346;NA;NA;NA;NA;NA;7164,83123065646;NA;NA;6004,03210243381
"2023-S36";NA;NA;NA;NA;NA;NA;NA;NA;NA;NA;NA;NA;NA;NA;NA;NA;4733,62418859599;NA;NA;3683,18028045598;NA;NA;NA;NA;NA;3900,2095807391;NA;NA;NA;NA;NA;10547,3347400413;3904,12492904495;NA;NA;5499,9549341557;NA;NA;6576,14695532927;NA;NA;5660,59264429887;NA;NA;7704,21252114684;4437,17843919445;4890,12654652952;NA;NA;NA;NA;NA;7394,73503086615;NA;NA;6532,63533489872
"2023-S37";NA;NA;NA;NA;NA;NA;NA;NA;NA;NA;NA;NA;NA;NA;NA;NA;6040,46922864334;NA;NA;4709,2107468376;NA;NA;NA;NA;NA;4403,1676827184;NA;NA;NA;NA;NA;9811,00685941695;4969,03978797092;NA;NA;6523,06034107659;NA;NA;8200,86455772938;NA;NA;5542,27883344891;NA;NA;8052,50371448625;5229,39690284035;6578,71819150771;NA;NA;NA;NA;NA;7224,23144474101;NA;NA;6901,49129833772
"2023-S38";NA;NA;NA;NA;NA;NA;NA;NA;NA;NA;NA;NA;NA;NA;NA;NA;7527,05264212563;NA;NA;5164,75607171615;NA;NA;NA;NA;NA;5037,45873704924;NA;NA;NA;NA;NA;9211,79709637831;6118,40716837906;NA;NA;7570,08725941191;NA;NA;9553,80221731516;NA;NA;6122,55622509662;NA;NA;8544,32587458063;5764,57095512626;7977,57319829689;NA;NA;NA;NA;NA;7178,08931049384;NA;NA;7336,94603271752
"2023-S39";NA;NA;NA;NA;NA;NA;NA;NA;NA;NA;NA;NA;NA;NA;NA;NA;9501,57912963551;NA;NA;5375,86284968532;NA;NA;NA;NA;NA;5635,04759773905;NA;NA;NA;NA;NA;8365,51359884712;7032,17648314181;NA;NA;8055,01314819979;NA;NA;10270,774339544;NA;NA;6789,65620414348;NA;NA;9007,40637107023;5850,21039262823;8976,25076375377;NA;NA;NA;NA;NA;7085,26159180051;NA;NA;7576,52141174852
"2023-S40";NA;NA;NA;NA;NA;NA;NA;NA;NA;NA;NA;NA;NA;NA;NA;NA;10657,5778409732;NA;NA;5283,88111079744;NA;NA;NA;NA;NA;6227,46033818964;NA;NA;NA;NA;NA;7041,20211344578;7087,07312807459;NA;NA;8052,29658056379;NA;NA;10204,6298423554;NA;NA;7137,27167857927;NA;NA;9909,99516970957;5515,28236999565;8433,35837397287;NA;NA;NA;NA;NA;6918,23729629805;NA;NA;7375,34244557837
"2023-S41";NA;NA;NA;NA;NA;NA;NA;NA;NA;NA;NA;NA;NA;NA;NA;NA;11055,3615216719;NA;NA;5109,35858619173;NA;NA;NA;NA;NA;6451,80427859503;NA;NA;NA;NA;NA;5908,52459574472;6855,44945391284;NA;NA;7088,81664055193;NA;NA;8555,50423414787;NA;NA;7297,376622651;NA;NA;10471,1388947952;4887,56913396735;7510,5938084644;NA;NA;NA;NA;NA;6888,95782933292;NA;NA;6926,02834213169
"2023-S42";NA;NA;NA;NA;NA;NA;NA;NA;NA;NA;NA;NA;NA;NA;NA;NA;9154,18034722774;NA;NA;5143,01497955409;NA;NA;NA;NA;NA;6474,14616877448;NA;NA;NA;NA;NA;4689,88809860402;6501,80608800895;NA;NA;6064,09884203768;NA;NA;6937,93281239407;NA;NA;7066,04142882963;NA;NA;9490,06749228952;3890,92701647082;6551,82645238229;NA;NA;NA;NA;NA;7199,69518016022;NA;NA;6245,36521525715
"2023-S43";NA;NA;NA;NA;NA;NA;NA;NA;NA;NA;NA;NA;NA;NA;NA;NA;7567,47205537771;NA;NA;5539,39310734916;NA;NA;NA;NA;NA;6408,4158571809;NA;NA;NA;NA;NA;4494,60896806558;6199,84765346626;NA;NA;5105,41459352298;NA;NA;5798,28052187262;NA;NA;6593,09642389548;NA;NA;7975,59315899304;2855,26868964444;6248,66891576882;NA;NA;NA;NA;NA;7763,05496351723;NA;NA;5856,25407721765
"2023-S44";NA;NA;NA;NA;NA;NA;NA;NA;NA;NA;NA;NA;NA;NA;NA;NA;7220,43574838847;NA;NA;6169,62755517385;NA;NA;NA;NA;NA;6307,94823441335;NA;NA;NA;NA;NA;4826,71292917379;6345,83534329366;NA;NA;4495,56853002171;NA;NA;5084,2142014862;NA;NA;NA;NA;NA;6885,58435310169;2158,3706198999;6246,91993216761;NA;NA;NA;NA;NA;8844,206966166;NA;NA;5811,00589683702
"2023-S45";NA;NA;NA;NA;NA;NA;NA;NA;NA;NA;NA;NA;NA;NA;NA;NA;7348,91059311825;NA;NA;6797,88688587159;NA;NA;NA;NA;NA;6154,84101332564;NA;NA;NA;NA;NA;6878,1893272302;6676,78772415414;NA;NA;4741,49930855245;NA;NA;5237,99366212944;NA;NA;5705,20173563788;NA;NA;7091,99003748358;1896,81422572449;6815,42343505965;NA;NA;NA;NA;NA;10595,1506570569;NA;NA;6575,97255074913
"2023-S46";NA;NA;NA;NA;NA;NA;NA;NA;NA;NA;NA;NA;NA;NA;NA;NA;9373,39093596363;NA;NA;7555,09773327326;NA;NA;NA;NA;NA;6000,50404694054;NA;NA;NA;NA;NA;10420,0141155519;7565,02594732655;NA;NA;5419,14097504395;NA;NA;5956,50711186696;NA;NA;6225,85038847594;NA;NA;7956,60940307297;1914,39463242974;7809,42830603888;NA;NA;NA;NA;NA;12981,9444676635;NA;NA;8078,69124691691
"2023-S47";NA;NA;NA;NA;NA;NA;NA;NA;NA;NA;NA;NA;NA;NA;NA;NA;13337,9125903654;NA;NA;9031,50323983398;NA;NA;NA;NA;NA;5607,07201528351;NA;NA;NA;NA;NA;15449,5254598464;8734,74786629866;NA;NA;7182,58186218497;NA;NA;8346,37019003106;NA;NA;7180,36186730903;NA;NA;11385,6803949727;2720,78631427654;9907,79690938389;NA;NA;NA;NA;NA;16175,656400102;NA;NA;10635,2555272306
"2023-S48";NA;NA;NA;NA;NA;NA;NA;NA;NA;NA;NA;NA;NA;NA;NA;NA;18531,0559509341;NA;NA;10789,4896465175;NA;NA;NA;NA;NA;5477,84542848633;NA;NA;NA;NA;NA;21868,1957673141;9447,62050545445;NA;NA;9639,77267995823;NA;NA;11851,8015957145;NA;NA;9155,60430722165;NA;NA;16516,8663545121;4345,85480791237;12664,0413795607;NA;NA;NA;NA;NA;19391,5847387694;NA;NA;13978,6740937018
"2023-S49";NA;NA;NA;NA;NA;NA;NA;NA;NA;NA;NA;NA;NA;NA;NA;NA;20360,4902895767;NA;NA;12922,7589741822;NA;NA;NA;NA;NA;6406,91911002216;NA;NA;NA;NA;NA;26161,0896171285;10149,0320693286;NA;NA;13089,7274055726;NA;NA;16140,1279936271;NA;NA;11497,8153600967;NA;NA;21557,3329138785;6871,44123036715;16125,7979257012;NA;NA;NA;NA;NA;21781,1124690907;NA;NA;16977,0407434242
"2023-S50";NA;NA;NA;NA;NA;NA;NA;NA;NA;NA;NA;NA;NA;NA;NA;NA;19076,8404349235;NA;NA;13216,712509689;NA;NA;NA;NA;NA;8527,89035235885;NA;NA;NA;NA;NA;25587,2611425943;12366,7024334545;NA;NA;13344,7922094067;NA;NA;17443,1638325553;NA;NA;13742,3351850462;NA;NA;22457,2618443107;8873,96185181527;17567,5125241646;NA;NA;NA;NA;NA;22541,8650577297;NA;NA;17768,1559807183
"2023-S51";NA;NA;NA;NA;NA;NA;NA;NA;NA;NA;NA;NA;NA;NA;NA;NA;15718,1179290794;NA;NA;12650,608142131;NA;NA;NA;NA;NA;10827,186494824;NA;NA;NA;NA;NA;22190,7131480519;14536,5742462023;NA;NA;11900,1263464057;NA;NA;16401,9664162127;NA;NA;12753,7409837936;NA;NA;20307,041387193;10246,9709147914;17137,3173120663;NA;NA;NA;NA;NA;19692,2870709907;NA;NA;16325,063162487
"2023-S52";NA;NA;NA;NA;NA;NA;NA;NA;NA;NA;NA;NA;NA;NA;NA;NA;10614,3173341815;NA;NA;11733,1934809647;NA;NA;NA;NA;NA;10817,0662521328;NA;NA;NA;NA;NA;17239,1823451237;14159,8828529721;NA;NA;8276,55690406051;NA;NA;11126,4815684933;NA;NA;10671,287490888;NA;NA;14226,2437636597;9444,39017352846;13205,9820367001;NA;NA;NA;NA;NA;14272,9178887949;NA;NA;12817,1032258942
"2024-S01";NA;NA;NA;NA;NA;NA;NA;NA;NA;NA;NA;NA;NA;NA;NA;NA;6327,34788347584;NA;NA;10072,8017742479;NA;NA;NA;NA;NA;9724,97122984311;NA;NA;NA;NA;NA;12500,231950529;12221,8732695245;NA;NA;5470,80854747;NA;NA;6967,41509894691;NA;NA;7578,77078962435;NA;NA;9333,49374684166;6836,20730294436;9304,61630010544;NA;NA;NA;NA;NA;9993,58905032507;NA;NA;9283,63991190568
"2024-S02";NA;NA;NA;NA;NA;NA;NA;NA;NA;NA;NA;NA;NA;NA;NA;NA;3671,27502535912;NA;NA;7491,99759251745;NA;NA;NA;NA;NA;6827,8650221408;NA;NA;NA;NA;NA;8282,36638455019;8608,88279394366;NA;NA;4055,36808348826;NA;NA;4879,33473360282;NA;NA;5156,36835636705;NA;NA;6699,69535997877;4597,12441485733;6401,89191801305;NA;NA;NA;NA;NA;8278,21762128028;NA;NA;6570,00148357731
"2024-S03";NA;NA;NA;NA;NA;NA;NA;NA;NA;NA;NA;NA;NA;NA;NA;NA;2372,32770618075;NA;NA;5226,888670332;NA;NA;NA;NA;NA;4493,69711699827;NA;NA;NA;NA;NA;5399,84324845651;5725,30554986895;NA;NA;3068,59970759364;NA;NA;3490,50933303877;NA;NA;3911,70782237816;NA;NA;4767,22757371893;3428,66444567597;4271,13022446721;NA;NA;NA;NA;NA;6916,82235975745;NA;NA;4704,80792879173
"2024-S04";NA;NA;NA;NA;NA;NA;NA;NA;NA;NA;NA;NA;NA;NA;NA;NA;1642,96849230071;NA;NA;3398,94951830795;NA;NA;NA;NA;NA;2902,86166385653;NA;NA;NA;NA;NA;3856,98232829675;3641,02417614351;NA;NA;2721,15073235555;NA;NA;2865,33860672108;NA;NA;3042,9439123664;NA;NA;3447,28540119334;2605,39680012381;2893,68805904548;NA;NA;NA;NA;NA;5792,02660892375;NA;NA;3512,51701035004
"2024-S05";NA;NA;NA;NA;NA;NA;NA;NA;NA;NA;NA;NA;NA;NA;NA;NA;1392,9992666035;NA;NA;2243,08017630427;NA;NA;NA;NA;NA;2472,18791876209;NA;NA;NA;NA;NA;2972,85824944111;2391,61805399745;NA;NA;2177,21630473733;NA;NA;2221,27785327513;NA;NA;2695,40906810935;NA;NA;2600,57022535038;2041,62075000174;1971,42435471848;NA;NA;NA;NA;NA;4689,99914513148;NA;NA;2733,10650605562
"2024-S06";NA;NA;NA;NA;NA;NA;NA;NA;NA;NA;NA;NA;NA;NA;NA;NA;1268,15474742712;NA;NA;1496,46190985182;NA;NA;NA;NA;NA;2260,34889537422;NA;NA;NA;NA;NA;2406,17207772218;2086,70445532358;NA;NA;1730,40986724503;NA;NA;1742,63445870872;NA;NA;2112,00918343881;NA;NA;1968,13881776048;1654,41113241864;1405,6279704522;NA;NA;NA;NA;NA;3529,00458147614;NA;NA;2135,16769491668
"2024-S07";NA;NA;NA;NA;NA;NA;NA;NA;NA;NA;NA;NA;NA;NA;NA;NA;1211,82495786695;NA;NA;1106,89872324144;NA;NA;NA;NA;NA;2049,37760536924;NA;NA;NA;NA;NA;2081,93150674434;1904,78720484494;NA;NA;1276,54685545185;NA;NA;1334,53749356895;NA;NA;1605,31216068478;NA;NA;1322,50622384337;1383,00062007954;1098,72311986403;NA;NA;NA;NA;NA;2189,6322726616;NA;NA;1640,43640951047
"2024-S08";3457,32558341004;503,894409157004;1575,95062053413;410,268655578633;1804,7245380061;1464,85072397415;1815,71309507275;459,362074283411;1051,82401677111;1298,37944127197;211,89680288319;137,955653756533;454,194520756309;5307,84128426524;1187,71618614261;603,007337249555;1172,58191996292;456,487404344884;7556,42657740354;874,620253190396;1018,35571241068;486,840553276141;526,01819110182;907,791479861781;6231,34559891489;1869,4041881297;2497,4604294234;434,262370315988;1688,72109483193;2558,02186479649;2683,2985217699;1853,78999973941;1708,93279158924;2706,95280213869;875,915011281204;957,275827368334;2034,2359980218;552,207435408168;1015,21485459292;409,087803197607;565,612690621058;1123,55741646211;481,687518306096;1982,64658181297;897,367312281717;NA;920,05158192049;2098,0861218098;263,979435024489;1205,36650993823;1155,20603704965;9681,65435452555;1308,25625544794;1289,33291536384;2086,71911436202;1016,69912506632
"2024-S09";1720,55664237639;419,784646718574;1060,34548531584;348,544639481628;1195,999139289;992,117177620263;1369,4998366217;493,370871439538;1059,14354364677;1128,34967206412;173,252292194198;NA;465,814202980861;2652,42685886859;882,685244414536;598,246982735043;1075,59733110985;395,302260589443;3297,59302905049;714,275739323888;1104,03341643104;528,377518950958;447,450152841529;688,74732839836;3429,11932836634;1729,47362130367;1850,6399230021;506,388117236307;991,01259195184;1726,76822470551;NA;1732,80624345152;1274,19834232179;1763,2696085791;775,355671077419;804,714043217505;1410,41013010873;NA;761,402662910624;404,218332899635;666,52126843486;797,443708658711;377,106423168846;1354,22334345657;676,141621437797;NA;920,127055742921;NA;283,757374497896;833,64301925062;873,560983413012;4514,30321802761;770,990481970112;997,623531316573;1289,7127435165;810,480945365452
"2024-S10";NA;NA;NA;NA;NA;NA;NA;NA;NA;NA;NA;NA;NA;NA;NA;NA;755,967940549074;NA;NA;620,394330586846;NA;NA;NA;NA;NA;1575,34641909705;1080,94510008965;NA;NA;NA;NA;1612,32815446792;947,270967719735;NA;NA;709,577549165232;NA;NA;593,939562849896;NA;NA;587,873642126013;NA;NA;545,106028765383;NA;955,642481848842;NA;NA;NA;NA;NA;602,777011345259;NA;NA;931,01635031478
"2024-S11";NA;NA;NA;NA;NA;NA;NA;NA;NA;NA;NA;NA;NA;NA;NA;NA;523,898391157667;NA;NA;582,048745322684;NA;NA;NA;NA;NA;1268,25895723528;646,479868818105;NA;NA;NA;NA;1470,20501851096;762,777854416085;NA;NA;675,011370820854;NA;NA;500,132927941848;NA;NA;467,497620118113;NA;NA;483,380880061313;NA;901,710465522188;NA;NA;NA;NA;NA;526,433700113846;NA;NA;780,503481827536
"2024-S12";NA;NA;NA;NA;NA;NA;NA;NA;NA;NA;NA;NA;NA;NA;NA;NA;372,622568478882;NA;NA;640,190251275987;NA;NA;NA;NA;NA;1045,97779011855;401,652811140769;NA;NA;NA;NA;1050,07093040247;633,899633523136;NA;NA;640,800559082635;NA;NA;450,287425487136;NA;NA;440,021822096621;NA;NA;473,362414644628;NA;847,21496037497;NA;NA;NA;NA;NA;504,003029685099;NA;NA;640,473223031014
"2024-S13";NA;NA;NA;NA;NA;NA;NA;NA;NA;NA;NA;NA;NA;NA;NA;NA;319,451132912654;NA;NA;742,675598621096;NA;NA;NA;NA;NA;877,932253538293;296,864386094427;NA;NA;NA;NA;716,258626860355;582,509504881497;NA;NA;624,022026479272;NA;NA;437,193402253586;NA;NA;518,189557663434;NA;NA;488,703446941322;NA;821,064224690351;NA;NA;NA;NA;NA;554,899431838901;NA;NA;576,250152527927
"2024-S14";NA;NA;NA;NA;NA;NA;NA;NA;NA;NA;NA;NA;NA;NA;NA;NA;297,593201407056;NA;NA;871,135145255502;NA;NA;NA;NA;NA;753,424316045719;268,32073831574;NA;NA;NA;NA;462,949409421511;556,980033889601;NA;NA;644,228158850105;NA;NA;520,806231486585;NA;NA;650,659078972321;NA;NA;506,294242848349;NA;891,040839953719;NA;NA;NA;NA;NA;654,440033370274;NA;NA;568,899860018611
"2024-S15";NA;NA;NA;NA;NA;NA;NA;NA;NA;NA;NA;NA;NA;NA;NA;NA;295,020481678607;NA;NA;992,05109111157;NA;NA;NA;NA;NA;668,87347872751;265,396934808807;NA;NA;NA;NA;320,984556731344;525,337666161705;NA;NA;685,221644609339;NA;NA;659,281996078521;NA;NA;802,777855478252;NA;NA;544,043015847563;NA;991,317476348791;NA;NA;NA;NA;NA;696,372020964322;NA;NA;589,10191057083
"2024-S16";NA;466,659831544408;659,724565325162;380,752194606977;NA;NA;NA;NA;NA;NA;NA;NA;NA;208,561568566648;NA;NA;303,160770032472;NA;NA;919,4884380857;NA;602,75096440031;NA;NA;391,557714667388;614,121669757305;281,989781085049;1294,21184962988;250,538895647025;706,811633096769;655,548106758118;266,567394882042;514,89097291552;NA;617,504047583926;682,259154882762;NA;741,886551653254;780,497552718027;NA;NA;998,627717453776;NA;NA;613,748788020589;NA;1116,46605880222;136,410816198578;NA;NA;686,141690631319;NA;760,554735805916;605,723419186498;NA;627,666782925865
"2024-S17";162,325247865647;572,906593726825;853,794114835121;453,266686441179;267,676384042325;257,452923210596;349,034213597674;957,623300337222;1410,0110107625;831,255540521566;153,381111858666;885,32130339043;763,800313225097;202,181303995721;570,785792234747;1034,38771269253;319,469329262681;415,014708096475;160,571313366048;840,929054572854;1135,29367820084;581,435166195908;495,588018586704;427,057791113755;366,996006660839;625,956579700581;287,018096833974;1468,52455443983;290,981918266379;865,997020745565;683,093828370735;265,776198925431;528,11594835476;264,065070989501;617,14847352531;721,140491798456;551,258251671209;879,195783572623;937,484042647878;736,775740490016;1540,90690375878;1110,20739022729;497,990110516323;336,449316640479;706,216118062116;NA;1278,07348035419;174,089682780096;945,949573836749;197,329844505873;858,031183402588;302,968064382916;940,177239215791;680,065726219989;153,28956888256;953,419670432919
"2024-S18";NA;766,860228308494;1204,68630096993;584,560209396585;328,805335425834;295,104521278071;336,515604383897;1072,68140837801;1478,50991041621;965,498380644432;205,981187798079;NA;865,107491900253;214,631376134101;1013,79362170771;1212,6932185817;314,664095851566;494,02797832382;190,887365820475;769,974227931055;985,724784300208;588,173364623986;605,391431894244;703,030372353251;364,855515413909;718,422982329137;298,641404189006;1714,07113747903;381,565254214838;1247,26390061437;727,462506649982;413,790234893322;549,521320881327;255,579705924341;638,120443892013;848,99078888656;849,478158235857;1268,17370275179;1104,46748046177;893,743114700721;1622,43699182561;1221,15048269623;668,996233688245;339,166724224385;765,747733624246;NA;1374,60299291375;254,213910844394;1248,30616435283;221,393334422292;1125,04259690648;311,763899122807;1273,48251634639;816,706803147349;137,863708355482;1084,9618134242
"2024-S19";223,820924593108;1069,39271684917;1768,48939568219;797,982037217831;444,357212090863;405,194534921945;342,69365770639;1242,7673848496;1690,38747947773;1256,10586999859;297,895441672907;NA;1054,79051597742;241,334276088525;1912,11834176818;1527,89846132458;321,643848115496;678,351479984209;262,007576530569;850,642635814406;848,6392610099;663,869351804538;828,409103102609;1253,03794052316;378,154520569012;1095,60977012838;312,733995000609;2057,63403978556;537,718500999466;1920,11145017071;818,255980883883;764,545313558006;609,415350944443;275,55781251685;702,438262370703;1300,77961731617;1432,5699457446;NA;1397,78371680145;1171,98478694425;1638,72099928058;1326,7665575192;1125,05899757033;376,785893678008;934,714889178425;NA;1533,30144141409;422,132302372698;1721,22091860889;263,14185527632;1509,78105137683;359,81109360321;2044,52797585678;1024,49807681443;140,95897057543;1281,74111781831
"2024-S20";287,769645138983;1497,67057720114;2542,44182257448;1146,09332189497;600,534841418223;NA;362,741347128511;1460,55114837136;2104,47472396138;1709,40468098836;429,877546446057;1384,70763281547;1301,01312933447;278,932873012241;3193,8022301219;2015,45846623284;388,987667705073;965,036044651267;370,328927898055;1019,24100182517;784,017097566571;933,689051949701;1165,33802754896;2091,23801737244;405,204257177224;1898,29474386043;347,045918626116;2553,1787940996;772,842120611732;2771,33145170564;1010,21015261279;1513,74235907314;690,602954094776;325,328150705975;878,879352703824;2090,05389967385;2291,77814474689;2700,13333962556;1808,77169436192;1557,36480233883;1614,94262379892;1715,62544467861;2037,80243287221;453,624610584803;1218,85155415005;NA;1748,8378845901;776,823479423211;2344,96325134877;312,687421436421;1997,84819044604;446,455724245757;3386,38624179779;1303,67629672825;163,215875297153;1580,17102974471
"2024-S21";369,010899673938;2049,01429689882;3675,4027059079;1751,72822345094;787,550285806731;NA;385,76536328047;NA;2704,51960008033;NA;606,502664538424;1575,7028243274;NA;NA;4563,90755559146;2668,69302738795;474,330010479331;NA;508,821054993062;1454,63485488811;955,326717047955;1706,34211721777;NA;3258,47218944581;463,269260570237;4209,45544793627;456,031856169096;3398,55168761;1159,37245665822;4098,42682234236;1332,79564471477;3023,74919683592;724,224383378693;406,009547265296;1308,27829295885;3288,43429322888;3352,37990263799;3394,07097819959;2471,11179750223;NA;NA;2262,59117070042;NA;571,025383609578;1802,14031998581;NA;2202,20100448463;1930,90711645449;3066,66036221253;365,743810251095;2627,91181432792;572,867588319514;5506,72163567834;1705,50554897203;203,584713195089;2359,87064432963
"2024-S22";484,373149200041;2690,39408790062;5267,29298617631;2629,03284506712;1014,40435802627;927,986711572122;442,704255400579;1832,50576327287;3969,63278706936;3218,0041402471;846,75887917547;1761,07608294296;1534,65332059158;412,501672809275;5810,90833807962;3842,7827153594;587,051146202491;1286,59654232048;722,382630897723;2202,2920524343;1375,77003651017;3306,61480280019;1766,32946154176;4765,77601377176;536,065846231893;9009,31158550931;634,428504697147;4466,35119233558;1717,39003314656;5652,34868344125;2316,97220862042;5425,97843931076;741,471752016381;565,289768918485;2055,23550782377;4975,57071648016;5001,8970693176;4692,09362800993;3408,84388168921;2359,00263342916;1790,73008726139;2865,57561905847;4439,11063173218;769,958177549963;2673,90414860905;NA;2822,14550602631;3673,71934487028;3847,72972526372;430,636471958695;3449,84914180739;797,453068179316;8058,89570831897;2281,17932157303;291,455484847945;2571,08281081483
"2024-S23";623,567868922317;3088,12877566206;8124,55865853255;3410,14293295009;1241,93002480831;1080,36824772393;524,603503192789;1943,84258819113;5866,63219267047;4069,95630745248;1130,07785596698;1925,96286225042;1555,57477511176;510,319044012487;6815,94331185207;5414,71353951158;705,169619656271;1341,18343242531;974,360030780066;3194,16178547128;2232,80959521732;5493,83190107645;1975,46894115008;6244,45765965885;584,226891155708;14126,7756019524;860,260824903319;5512,64086829767;2311,19269118198;6845,33967675972;4064,2180683954;6331,05318307396;758,604915769366;801,110001530515;3008,20302136821;6076,46882747171;6957,03443817785;6122,39431218481;4696,29235035863;2644,83775159665;1867,66837512284;3451,69699950319;5606,51424124141;1054,15245853773;3949,7375669003;NA;3479,15757636192;6134,24030061132;5727,7544364497;496,649774464278;4834,12029454137;1102,82665762923;10422,0031434351;3071,51380196342;428,707511191326;3076,68802527176
"2024-S24";703,622312566185;3583,63514883332;10680,0755004782;4100,12017982595;1364,92359360622;1218,5804359766;623,910665782515;1939,46346663159;8512,74522220678;4800,83212018588;1339,7475532332;2001,93084145345;1520,38354445343;660,25310509888;7788,47598673331;6928,30814951995;947,644564256429;1355,31480489957;1166,79024973305;4460,10803735049;3233,73031769771;7565,92416213275;2022,84293281617;6872,99578878736;635,933196875143;18488,03823216;998,702108656487;5489,96089322748;2957,07879590703;6123,37837224094;5761,43249016588;6256,61643245727;802,391357082525;1120,08389648433;4091,2874943558;6734,17325467665;7723,96825112854;5926,32487970679;6134,04183461918;2733,71407829274;1775,63110497335;3698,03134553859;NA;1449,62170491442;5470,74497540574;NA;4160,54615086123;8542,29161559206;NA;550,308814239329;6795,45183861573;1397,36111648225;9390,42600667505;4392,93224255181;601,533058900568;3252,29485225699
"2024-S25";754,693131709574;4113,76710364534;13281,5935548627;4677,15004623472;1319,46060081969;1326,20096128283;724,927420764078;1898,43295808837;9404,4230550372;4531,32594972388;1527,73938418727;2073,97180412896;1564,52636011489;846,394750554108;7701,42421284016;7696,52752157337;1255,35977823822;1437,07016336338;1026,09191173038;5602,79899047605;4500,21046153559;9696,78943500294;2099,94471740183;6508,85034327057;684,358761928082;16683,5387532588;1024,87090767636;5175,20021879602;3756,8890249744;5121,45123144609;6296,05901584314;5268,47273953522;965,056449533579;1321,85826855519;5077,31220291332;6345,77417630483;7310,38224850795;4583,74511271091;7045,05096595792;2505,28069820391;1729,01014579256;3704,65800743429;7248,50033831002;1814,15238788746;5803,51974862215;NA;4585,86409974183;11260,9837575352;5778,95510923742;568,419840837412;9325,61442804606;1534,94160233097;7661,65053157994;6084,35973017593;704,340955350189;3202,08641388111
"2024-S26";767,600074121368;4990,42027843838;16616,9537326451;5028,3061041514;1226,02090485821;1511,34358789217;803,184831185574;1822,74356160466;9116,21625222919;4030,31672899984;1603,2734307684;2272,46849259291;1572,36066988598;1007,95149621949;7080,74355260683;7565,98620852712;1560,66253843306;1496,03920258711;801,096223639382;7174,83627217404;6285,29848624296;12911,0953213433;2188,37076991252;5811,79879941193;758,312952464184;12552,2570667017;986,714677253236;5179,18996984738;4962,50583875111;4451,9068396824;6361,98704041283;4137,07785380859;1124,32860626521;1392,8453077635;5262,83563623981;6936,03765346502;6474,28513857547;3433,49382546674;7639,43913953584;2171,05255366676;1652,22494781177;3249,79360810391;7505,0885117159;2054,34975938602;5595,32029364929;NA;5283,0351114992;13069,9842583759;5271,91319960793;568,051492894927;11970,655906407;1536,56206153767;6171,87686812181;8315,78802706133;756,476509531368;3050,13231536383
"2024-S27";760,518928018244;6013,18233207041;20620,2164819531;5458,34514533451;1197,66474434036;1715,28586297758;785,959927390872;1740,2032224859;7012,41812437322;3646,03896393889;1441,58517176449;2780,64853506605;1548,4134259997;970,385567024236;7058,32351380109;6447,387939114;1592,9958293276;1478,97780093653;588,76904261042;8558,51694705763;7173,07806804482;14834,434770597;2518,90701068848;5085,37669907495;778,748824314488;8668,00078893032;869,174329355232;4462,18300635932;5948,74858644245;4516,22531474493;7088,99825601678;2959,74478456888;1109,67540273922;1133,0977196165;5351,89631375826;7360,95639532658;5242,00036517614;2740,97553170883;7693,8430464657;1853,35509817285;1558,19985367543;2857,57710596193;7209,27416616489;1797,45625682381;5140,0953366839;NA;5866,66463824878;12397,0181785193;5141,16191532282;552,613174342084;12707,8780236622;1320,90010381183;5966,76819308771;9065,82657427821;699,118528228851;2857,79329100238
"2024-S28";881,402818050657;6950,34804302102;21252,0262990774;5646,3320970495;1316,37270307894;1879,44124313468;773,917062913989;NA;5642,88611032026;2840,47261665029;1234,11825272876;3335,72852155595;1435,93645840632;846,249240077897;5457,33363832675;4673,6712415341;1490,72244489099;1439,89211044269;513,471279548034;8948,70381422456;7253,71780767173;14388,7282044782;2926,60341800528;4439,84555784476;NA;6467,96968799438;835,302871368082;3806,58250784056;NA;4758,3888246081;7811,07622616512;1868,01987552484;1068,175978227;972,395964890322;5108,22250426695;6531,40066108972;5133,91179528608;3118,77205184347;6602,77102478017;1629,43168610088;1400,56681869656;2507,00356841343;6529,76581032671;1665,09420731144;5079,8862666313;NA;6053,58339769899;9626,82572656567;4168,66506505954;574,004111985375;12079,8258161213;1209,48662736421;5755,80181627981;8954,56277203154;710,026028605326;2623,0920608449
"2024-S29";998,133123762241;6875,47952246531;12846,649435235;5336,09262814604;1410,55514743631;2189,12413439149;742,640739345757;1500,68404055016;4538,99249207051;2218,67330065421;1052,41532111169;3500,77962480286;1286,32472768447;699,226527533427;4162,11194426994;3109,91745776081;1216,14344136762;1383,07220097987;457,995582392155;8213,61599733133;6008,15831724452;9430,97190483351;3237,79949111006;3893,69208914082;715,370276024876;4942,54432252243;807,238847650686;3582,46270319441;6997,92000231247;5419,16071362857;7737,30734754962;1227,43720841423;1051,51829934181;824,732731429018;3914,24804903272;5593,82196279788;5329,18564421723;3821,82614479444;5291,07753133393;1435,52442113944;1235,63682413259;2274,29239613392;5305,31218845708;1519,69802282735;5079,84764238826;NA;5867,15074596548;6944,93458667626;3311,74515613307;578,78048424927;10362,2082222149;1100,04468020505;5601,33215875251;7140,55107327587;703,078276307605;2337,35739602211
"2024-S30";909,779519008736;6329,32122708204;6943,82072020591;4856,57777679634;1299,03124020386;2335,25338921772;644,845798514493;1364,85933573066;3898,2269778634;1865,92325709972;909,004122573486;3411,64398856135;1022,99251469348;559,14624499679;3275,52113147447;1874,16118204542;942,575724679778;1274,17873357353;426,35130601282;5424,30604260533;4356,08518400634;5719,97584219548;3122,86298804606;3679,6335623576;579,81136151056;4065,83960072096;803,026483760701;3592,75479258152;6531,70525488786;6192,52230800506;5896,82012165153;950,148619884832;985,755636729741;714,919501947126;2960,73607522331;4845,68000665047;6482,82509405207;5561,3974962156;4087,91614074465;1313,87519521416;1016,97034919548;2090,74358564633;4052,58997649211;1358,47657773879;5324,47333025605;NA;5021,34485210684;4804,05483450396;2484,11788060781;510,313262259036;8420,04424366365;1016,88546489242;5492,55326252302;5689,24894753998;659,832679218663;2067,33258201527
"2024-S31";770,057845591345;5133,42029835027;3350,23840426642;4300,25362022853;1144,11904962898;1497,94622779097;622,002285865722;1139,11519064164;3563,32500712057;1981,19197350433;831,920794194872;2996,61516838062;813,924311218229;469,664734222695;2815,03130373019;961,16449529591;789,383539243241;1183,98372109032;377,319547529153;3552,04658112274;3088,51116797888;3280,72948681624;2417,31865219456;3273,83847443725;463,731156433532;3596,51590636713;771,071719057924;4166,46235759279;5290,58666154743;6151,28529214355;3265,59121298697;830,059739839612;869,445324958945;704,837224328692;2794,14012950724;4480,52474386316;8121,14412767333;5206,85876706765;3226,46622225409;1131,65182549241;921,121487066078;2008,76911302626;2721,89811612379;1248,3371096875;5601,41984902295;NA;4176,16300154121;3843,1146495285;2003,19578576678;432,14008378321;6085,65608790727;938,060707996511;5053,23980018862;4619,27511028098;559,725277793914;1820,72122826058
"2024-S32";611,515731768182;4165,88977157058;1713,00292682795;3550,3252265146;942,929348200522;1180,50026070492;585,580621314361;1018,55226686721;3243,15321706119;2193,58015491602;791,008138884492;2102,03761012301;669,785666484031;394,570183510631;2520,50066400265;559,666810187197;647,233771087683;1136,79121721016;327,067995931105;2542,07963396324;2317,0910658507;1951,44935967242;1815,08482722839;3019,8961888002;363,232358843558;3608,13241011538;663,791077700986;4878,30536990447;4107,43854131685;5917,83422882603;1799,08429235895;1059,68637038535;740,833918720597;690,169943402171;2793,27718458233;5255,76333468074;9652,60902220181;4317,16880556344;2692,36514475043;995,001167860952;860,225316684891;1967,14449779195;1778,73246264607;1124,15000903856;5336,41475958253;NA;3233,46052047345;3263,41033260929;1735,0592506215;367,121736077731;4411,26295128928;845,824614750239;4380,25718554974;4619,66549228507;458,233715309897;1665,07605121544
"2024-S33";458,9963276594;4069,52970989058;1252,3401864866;2992,55506235809;673,472465957444;1001,56019920261;518,78141611189;956,073104582597;2766,00942718367;2060,69939405003;814,770673850421;1508,08224227404;665,526071516397;340,062738166838;2498,65317052159;509,043067536057;498,023664003967;1254,9900022614;250,205513678157;2531,69315947242;2275,89069253615;1547,80570196796;1454,24283422305;3111,13030646041;287,490529594404;4046,47879311049;490,605846896446;5520,92663872019;3465,46995029879;5660,17139995119;1089,74995297832;1334,31136042741;555,680281210702;607,512440206551;2977,03484199871;5998,92644189096;8658,66997042871;2681,05259564513;2553,24518061505;955,499825368726;829,336984274174;2014,42390930023;1303,9954636625;978,854659757789;5735,42959176056;NA;2813,5281191053;3143,59976827334;2180,25111000347;342,665023543204;3581,31085461842;701,720067260744;2822,28471202833;4860,69179321384;351,296980234342;1569,49964071514
"2024-S34";313,847587019445;4167,06853714726;1447,27470441883;2768,67156032412;452,650648095686;1177,38785519025;396,61078284564;1059,99977399811;2477,21898940742;2275,52092357989;786,012324487936;1327,67435333401;701,085858273102;258,961246708221;2818,27138130121;769,800713052177;365,938556377265;1406,59380355683;183,653862049284;2860,99975727064;2416,71281655536;1622,05077182513;1374,59616787512;3611,49401630287;229,227644504306;4755,44720592514;364,286256488846;5788,44805523542;3361,91343293254;5609,08496814626;1121,40718874457;1726,10174140722;423,124366991352;441,783060333776;3102,70554682873;6888,37060835986;7072,91147017629;2258,05585598297;2658,36648732823;965,392581272851;869,998546334311;1862,92070742931;1376,76760801229;709,242024869417;6361,23195912758;NA;2686,75987584502;3204,93511298351;2415,54029101432;305,090022694988;3442,47206660471;536,982195331035;2419,37877140783;5342,59311367547;261,235374784334;1586,73956125094
"2024-S35";240,19835300464;4068,10590068107;1835,57819765827;3152,23109714712;332,698521989031;1197,78678210229;320,212105748847;1162,1856933282;2419,16581082144;2721,23853322387;837,897679085192;1476,8409557073;774,714751263259;216,292346789638;3458,53095017492;1353,49077103965;298,998247787404;1457,93501642938;146,356056335787;3610,89269007251;2655,86019145132;1951,12298169343;1385,3042008229;4324,4899972665;201,62634631927;5504,49561863317;302,153533435016;6164,17002166456;3529,4402476292;5707,88805923393;1403,57035809074;1857,20623599917;364,563173039488;342,110360521608;3418,73063189845;7206,93352938443;5878,30799111712;2114,72731800037;3182,71494506728;1012,46965022543;953,688873645911;1784,84983340944;1801,53239274404;543,113203886905;7201,70408651037;NA;3112,06751042685;3489,27487138137;2718,25950399996;282,798254343367;3736,53207705868;429,320840677749;2401,03445847341;5916,53792771866;211,99827154792;1676,04689347015
"2024-S36";248,826370914877;3414,3149085852;2003,13928075598;4293,80820982919;317,719671899078;1246,09311318532;314,266669107537;1331,29723592279;2730,32377257601;3457,08786581729;1074,58809636097;1834,72158109138;867,243000308039;228,568822653656;4366,08300504394;2228,12240312274;312,217736673746;NA;148,046155745658;4870,00004963747;NA;2409,95027847163;1470,63371232419;4967,16757570498;212,662967422728;6182,68748152605;281,553326978134;6869,50632403244;3936,98537569688;6050,60626699511;2022,48368161561;1932,58133912133;361,222378390902;339,986233199762;4119,56709865411;7455,95369797632;5725,67038708456;2349,31041909365;3999,48769163571;1092,38128570939;1075,71904241687;1900,79037529139;2688,40255956255;515,806193432503;8104,3477651969;NA;3905,7237018476;3998,49148315741;2937,03356034452;286,615141223096;4621,91127120619;403,981716355736;2972,2757694006;NA;215,680910241541;1828,94393710865
"2024-S37";316,315999596655;2626,76035794475;2028,60097482906;6844,07629888714;355,640023046669;1368,63557255513;352,802529230898;1585,22152890636;3514,80628265236;4714,31837945601;1734,00349561705;2436,97067469009;1001,66739764825;290,688828507585;5946,52191326781;3746,219696491;386,940174041856;998,366798490905;178,553975744429;6684,22371202358;3664,03214570508;3245,71415579305;1589,1000318747;5732,43917547963;254,306195775008;6439,53805740412;311,555144842033;8035,51551127702;4655,64212585156;6556,2965353509;3323,01929235585;1983,87914515235;438,857608290639;394,552596532515;5251,43764104286;7747,24510927802;6070,77885949077;2930,19975595174;5015,36536537982;1205,09373222029;1209,90282489024;2182,51894986935;4308,11299223837;568,011394430892;8925,11343754223;NA;5102,95769903862;4818,11618970403;3284,51700068378;312,310743176433;6590,30501118549;420,442342761559;4231,91544438793;8259,43093115676;253,945014790348;2163,62493128033
"2024-S38";489,793798640626;1850,05538171147;1965,5756185777;NA;465,65175703734;1496,78992100297;449,679489324959;1936,66795573608;5137,29778991648;6946,12755076916;3393,92266052165;3597,89614454916;1196,50769661222;438,329446777495;8763,22853959968;6543,57990902077;568,953622651945;677,122086525036;252,829961308338;9573,84374515109;4615,39546006079;4805,58168115053;1770,81219653636;6643,37238301809;343,447658975782;6416,94901141259;406,872373048278;9834,02787677208;5882,5890989134;7299,0074570644;6303,90741776995;1992,20827667373;626,792689013747;530,211377603773;7127,18334193052;7981,92525657091;6983,47701798104;4128,51099965964;6513,86420899295;1362,51698712762;1381,50452599006;2685,33536277016;7636,14232077093;716,111795943809;9757,38440149851;NA;7150,62988633294;6140,57719155671;3748,62574638735;362,507721869813;10775,0449945305;481,869196282263;7039,86966189389;10407,5937521473;344,325125332148;2650,58386283579
